{"cameraMode":{"drawMode":0,"name":"Shaded","section":"Shading Mode"},"sceneLighting":false,"audioPlay":false,"sceneViewState":{"m_AlwaysRefresh":false,"showFog":false,"showSkybox":false,"showFlares":false,"showImageEffects":false,"showParticleSystems":false,"showVisualEffectGraphs":true,"m_FxEnabled":true},"in2DMode":false,"pivot":{"x":-0.04223966598510742,"y":0.798833966255188,"z":0.11067421734333039},"rotation":{"x":0.042618028819561008,"y":-0.9554754495620728,"z":0.17268724739551545,"w":0.23562969267368318},"size":1.108802080154419,"orthographic":false}