{"cameraMode":{"drawMode":0,"name":"Shaded","section":"Shading Mode"},"sceneLighting":false,"audioPlay":false,"sceneViewState":{"m_AlwaysRefresh":false,"showFog":true,"showSkybox":false,"showFlares":true,"showImageEffects":true,"showParticleSystems":true,"showVisualEffectGraphs":true,"m_FxEnabled":true},"in2DMode":false,"pivot":{"x":-1.679398536682129,"y":1.8000004291534424,"z":-1.6395835876464844},"rotation":{"x":0.18849624693393708,"y":-0.36248189210891726,"z":0.07507733255624771,"w":0.9096629619598389},"size":11.039190292358399,"orthographic":false}