{"cameraMode":{"drawMode":0,"name":"Shaded","section":"Shading Mode"},"sceneLighting":false,"audioPlay":false,"sceneViewState":{"m_AlwaysRefresh":false,"showFog":false,"showSkybox":false,"showFlares":false,"showImageEffects":false,"showParticleSystems":false,"showVisualEffectGraphs":true,"m_FxEnabled":true},"in2DMode":false,"pivot":{"x":-0.04053446277976036,"y":1.3569297790527344,"z":0.04229862242937088},"rotation":{"x":-0.058363184332847598,"y":0.8945500254631043,"z":-0.4258560836315155,"w":-0.12259577959775925},"size":0.17020288109779359,"orthographic":false}