{"cameraMode":{"drawMode":0,"name":"Shaded","section":"Shading Mode"},"sceneLighting":false,"audioPlay":false,"sceneViewState":{"m_AlwaysRefresh":false,"showFog":true,"showSkybox":false,"showFlares":true,"showImageEffects":true,"showParticleSystems":true,"showVisualEffectGraphs":true,"m_FxEnabled":true},"in2DMode":false,"pivot":{"x":-0.7479734420776367,"y":0.9661121368408203,"z":-0.22378826141357423},"rotation":{"x":0.042618028819561008,"y":-0.9554754495620728,"z":0.17268724739551545,"w":0.23562969267368318},"size":2.589857578277588,"orthographic":false}